column_id,column_name,column_type,section,join_target
type,Type,enum,,
name,Name,text,,
description,Description,text,,
photos,Photo,imagelist,,
ht_management_type,Management type,enum,,
code,Unique ID,text,,
location,Location,geometry,,
location_accuracy,Location precision,number,,
location_altitude_accuracy,Elevation precision,number,,
survey_elevation_unit_m,Survey elevation (m),number,,
survey_elevation_unit_ft,Survey elevation (ft),number,,
survey_elevation_magnitude,Survey elevation (raw magnitude),number,,
survey_elevation_unit,Survey elevation (raw unit),enum,,
survey_elevation_datum,Survey elevation datum,enum,,
admin_region,Administrative region,id,,admin_regions
angola_admin_region,Angola Admin Boundary,join,,regions.angola_admin
fao_river_basins_region,FAO River Basin,join,,regions.fao_river_basins
gb_education_districts_region,Education Boundaries,join,,regions.gb_education_districts
gb_rural_urban_region,GB Urban/Rural Boundaries,join,,regions.gb_rural_urban
gb_sanitary_districts_region,Sanitary District,join,,regions.gb_sanitary_districts
guinea_bissau_admin_region,Guinea Bissau Admin Boundary,join,,regions.guinea_bissau_admin
malawi_catchment_region,Malawi Water Resource Area,join,,regions.malawi_catchment
malawi_regions_region,Malawi Region,join,,regions.malawi_regions
navajo_nation_region,Navajo Nation,join,,regions.navajo_nation
ra_region,Unnamed,join,,regions.ra
somali_region_region,Somali Region,join,,regions.somali_region
test11_region,Unnamed,join,,regions.test11
tester_region,Somali region,join,,regions.tester
tzt_region,Somali,join,,regions.tzt
zim_hydro_region,Zimbabwe Hydrological Boundary,join,,regions.zim_hydro
sector,Sector,text,,
route,Route,text,,
address,Address,text,,
urban_rural,Urban-rural classification,enum,,
community,Community,id,,entities.community
accessible_by_road,Accessible by road,boolean,,
perimeter,Perimeter fence or wall installed,boolean,,
wheelchair_accessible,Wheelchair accessible,boolean,,
hierarchy_level_1,Level 1,text,,
hierarchy_level_2,Level 2,text,,
hierarchy_level_3,Level 3,text,,
hierarchy_level_4,Level 4,text,,
hierarchy_level_5,Level 5,text,,
hierarchy_level_6,Level 6,text,,
hierarchy_level_7,Level 7,text,,
status,Status,enum,,
condition,Condition,enum,,
functional_status,Functional status,enum,,
wm_monitoring_status,Monitoring status,enum,,
crc,Current replacement cost,number,,
eul,Expected useful life,number,,
probability_of_failure,Probability of failure,enum,,
consequence_of_failure,Consequence of failure,enum,,
asset_risk,Asset risk,enum,,
original_cost,Original cost (USD),number,,
current_rehab_cost,Current rehabilitation cost (USD),number,,
manufacturer,Manufacturer,text,,
model,Model,text,,
serial_number,Serial number,text,,
additional_technical_details,Additional technical details,text,,
installation_date,Installation date,date,,
installed_by,Installed by,text,,
funded_by,Funded by,text,,
rehabilitation_date,Rehabilitation date,date,,
last_service_date,Last service date,date,,
rehab_by,Rehabilitated by,text,,
service_interval_unit_months,Service interval (mo),number,,
service_interval_unit_days,Service interval (d),number,,
service_interval_unit_years,Service interval (yr),number,,
service_interval_magnitude,Service interval (raw magnitude),number,,
service_interval_unit,Service interval (raw unit),enum,,
date_of_manufacture,Date of manufacture,date,,
upstream_asset,Upstream asset,id,,entities.water_asset
downstream_asset,Downstream Asset,id,,entities.water_asset
nominal_diameter_unit_m,Nominal diameter (m),number,,
nominal_diameter_unit_cm,Nominal diameter (cm),number,,
nominal_diameter_unit_mm,Nominal diameter (mm),number,,
nominal_diameter_unit_in,Nominal diameter (in),number,,
nominal_diameter_magnitude,Nominal diameter (raw magnitude),number,,
nominal_diameter_unit,Nominal diameter (raw unit),enum,,
pipe_length_manual_entry,Enter pipe length manually,boolean,,
pipe_length_manual_value_unit_m,Pipe length (manual entry) (m),number,,
pipe_length_manual_value_unit_km,Pipe length (manual entry) (km),number,,
pipe_length_manual_value_unit_ft,Pipe length (manual entry) (ft),number,,
pipe_length_manual_value_unit_yd,Pipe length (manual entry) (yd),number,,
pipe_length_manual_value_unit_mi,Pipe length (manual entry) (mi),number,,
pipe_length_manual_value_magnitude,Pipe length (manual entry) (raw magnitude),number,,
pipe_length_manual_value_unit,Pipe length (manual entry) (raw unit),enum,,
pipe_length,Pipe length (m),number,,
material,Material,enum,,
minor_loss_coef,Minor loss coefficient,number,,
roughness_coefficient,Roughness coeffient,number,,
primary_contact_name,Primary contact name,text,,
primary_contact_position,Primary contact position,text,,
primary_contact_phone,Primary contact phone number,text,,
secondary_contact_name,Secondary contact name,text,,
secondary_contact_position,Secondary contact position,text,,
secondary_contact_phone,Secondary contact phone number,text,,
date_inspected,Date inspected,date,,
alt_id,Alternate ID,text,,
import_code,Import code,text,,
total_production_unit_m3_s,Total production of system (m³/s),number,,
total_production_unit_m3_d,Total production of system (m³/d),number,,
total_production_unit_l_s,Total production of system (L/s),number,,
total_production_unit_l_d,Total production of system (L/d),number,,
total_production_unit_ml_d,Total production of system (ML/d),number,,
total_production_unit_gal_m,Total production of system (gal/min (gpm)),number,,
total_production_unit_gal_d,Total production of system (gal/d),number,,
total_production_unit_mgal_d,Total production of system (Mgal/d (mgd)),number,,
total_production_unit_m3_mo,Total production of system (m³/mo),number,,
total_production_unit_mgal_mo,Total production of system (Mgal/mo),number,,
total_production_unit_m3_h,Total production of system (m³/h),number,,
total_production_magnitude,Total production of system (raw magnitude),number,,
total_production_unit,Total production of system (raw unit),enum,,
water_facility_type,Water facility type,enum,,
process_area_type,Process area type,text,,
source_type,Source type,enum,,
source_meter_installed,Source meter installed,boolean,,
water_quality_tested,Water quality tested,boolean,,
date_water_quality_tested,Date of most recent sample,date,,
name_water_body,Name of water body,text,,
source_pressure_unit_pa,Source pressure (Pa),number,,
source_pressure_unit_kpa,Source pressure (kPa),number,,
source_pressure_unit_psi,Source pressure (psi),number,,
source_pressure_unit_ft_water,Source pressure (ft H₂O),number,,
source_pressure_unit_in_water,Source pressure (in H₂O),number,,
source_pressure_unit_m_water,Source pressure (m H₂O),number,,
source_pressure_unit_cm_water,Source pressure (cm H₂O),number,,
source_pressure_unit_bar,Source pressure (bar),number,,
source_pressure_magnitude,Source pressure (raw magnitude),number,,
source_pressure_unit,Source pressure (raw unit),enum,,
nominal_flow_unit_m3_s,Nominal flow (m³/s),number,,
nominal_flow_unit_m3_d,Nominal flow (m³/d),number,,
nominal_flow_unit_l_s,Nominal flow (L/s),number,,
nominal_flow_unit_l_d,Nominal flow (L/d),number,,
nominal_flow_unit_ml_d,Nominal flow (ML/d),number,,
nominal_flow_unit_gal_m,Nominal flow (gal/min (gpm)),number,,
nominal_flow_unit_gal_d,Nominal flow (gal/d),number,,
nominal_flow_unit_mgal_d,Nominal flow (Mgal/d (mgd)),number,,
nominal_flow_unit_m3_h,Nominal flow (m³/h),number,,
nominal_flow_unit_l_m,Nominal flow (l/min),number,,
nominal_flow_magnitude,Nominal flow (raw magnitude),number,,
nominal_flow_unit,Nominal flow (raw unit),enum,,
minimum_flow_unit_m3_s,Minimum flow (m³/s),number,,
minimum_flow_unit_m3_d,Minimum flow (m³/d),number,,
minimum_flow_unit_l_s,Minimum flow (L/s),number,,
minimum_flow_unit_l_d,Minimum flow (L/d),number,,
minimum_flow_unit_ml_d,Minimum flow (ML/d),number,,
minimum_flow_unit_gal_m,Minimum flow (gal/min (gpm)),number,,
minimum_flow_unit_gal_d,Minimum flow (gal/d),number,,
minimum_flow_unit_mgal_d,Minimum flow (Mgal/d (mgd)),number,,
minimum_flow_unit_m3_h,Minimum flow (m³/h),number,,
minimum_flow_unit_l_m,Minimum flow (l/min),number,,
minimum_flow_magnitude,Minimum flow (raw magnitude),number,,
minimum_flow_unit,Minimum flow (raw unit),enum,,
maximum_flow_unit_m3_s,Maximum flow (m³/s),number,,
maximum_flow_unit_m3_d,Maximum flow (m³/d),number,,
maximum_flow_unit_l_s,Maximum flow (L/s),number,,
maximum_flow_unit_l_d,Maximum flow (L/d),number,,
maximum_flow_unit_ml_d,Maximum flow (ML/d),number,,
maximum_flow_unit_gal_m,Maximum flow (gal/min (gpm)),number,,
maximum_flow_unit_gal_d,Maximum flow (gal/d),number,,
maximum_flow_unit_mgal_d,Maximum flow (Mgal/d (mgd)),number,,
maximum_flow_unit_m3_h,Maximum flow (m³/h),number,,
maximum_flow_unit_l_m,Maximum flow (l/min),number,,
maximum_flow_magnitude,Maximum flow (raw magnitude),number,,
maximum_flow_unit,Maximum flow (raw unit),enum,,
ht_source_assessment,Assessment of the source,enum,,
well_depth_unit_m,Well depth (m),number,,
well_depth_unit_ft,Well depth (ft),number,,
well_depth_magnitude,Well depth (raw magnitude),number,,
well_depth_unit,Well depth (raw unit),enum,,
well_diameter_unit_m,Well diameter (m),number,,
well_diameter_unit_cm,Well diameter (cm),number,,
well_diameter_unit_mm,Well diameter (mm),number,,
well_diameter_unit_in,Well diameter (in),number,,
well_diameter_magnitude,Well diameter (raw magnitude),number,,
well_diameter_unit,Well diameter (raw unit),enum,,
static_water_level_unit_m,Static water level (m),number,,
static_water_level_unit_ft,Static water level (ft),number,,
static_water_level_unit_cm,Static water level (cm),number,,
static_water_level_unit_in,Static water level (in),number,,
static_water_level_magnitude,Static water level (raw magnitude),number,,
static_water_level_unit,Static water level (raw unit),enum,,
dynamic_water_level_unit_m,Dynamic water level (m),number,,
dynamic_water_level_unit_ft,Dynamic water level (ft),number,,
dynamic_water_level_unit_cm,Dynamic water level (cm),number,,
dynamic_water_level_unit_in,Dynamic water level (in),number,,
dynamic_water_level_magnitude,Dynamic water level (raw magnitude),number,,
dynamic_water_level_unit,Dynamic water level (raw unit),enum,,
groundwater_temperature_unit_c,Groundwater temperature (°C),number,,
groundwater_temperature_magnitude,Groundwater temperature (raw magnitude),number,,
groundwater_temperature_unit,Groundwater temperature (raw unit),enum,,
pump_or_lifting_device,Pump or lifting device,enum,,
apron_installed,Apron installed,boolean,,
monitoring_well,Monitoring well,boolean,,
spring_box_present,Spring box present,boolean,,
spring_box_length_unit_m,Spring box length (m),number,,
spring_box_length_unit_ft,Spring box length (ft),number,,
spring_box_length_unit_cm,Spring box length (cm),number,,
spring_box_length_unit_in,Spring box length (in),number,,
spring_box_length_magnitude,Spring box length (raw magnitude),number,,
spring_box_length_unit,Spring box length (raw unit),enum,,
spring_box_width_unit_m,Spring box width (m),number,,
spring_box_width_unit_ft,Spring box width (ft),number,,
spring_box_width_unit_cm,Spring box width (cm),number,,
spring_box_width_unit_in,Spring box width (in),number,,
spring_box_width_magnitude,Spring box width (raw magnitude),number,,
spring_box_width_unit,Spring box width (raw unit),enum,,
spring_box_depth_unit_m,Spring box depth (m),number,,
spring_box_depth_unit_ft,Spring box depth (ft),number,,
spring_box_depth_unit_cm,Spring box depth (cm),number,,
spring_box_depth_unit_in,Spring box depth (in),number,,
spring_box_depth_magnitude,Spring box depth (raw magnitude),number,,
spring_box_depth_unit,Spring box depth (raw unit),enum,,
overflow_pipe_present,Overflow pipe present,boolean,,
drain_pipe_present,Drain pipe present,boolean,,
casing_diameter_unit_m,Casing diameter (m),number,,
casing_diameter_unit_cm,Casing diameter (cm),number,,
casing_diameter_unit_mm,Casing diameter (mm),number,,
casing_diameter_unit_in,Casing diameter (in),number,,
casing_diameter_magnitude,Casing diameter (raw magnitude),number,,
casing_diameter_unit,Casing diameter (raw unit),enum,,
depth_of_casing_unit_m,Depth of casing (m),number,,
depth_of_casing_unit_ft,Depth of casing (ft),number,,
depth_of_casing_magnitude,Depth of casing (raw magnitude),number,,
depth_of_casing_unit,Depth of casing (raw unit),enum,,
casing_material,Casing material,enum,,
screen_length_unit_m,Screen length (m),number,,
screen_length_unit_ft,Screen length (ft),number,,
screen_length_magnitude,Screen length (raw magnitude),number,,
screen_length_unit,Screen length (raw unit),enum,,
pump_position_unit_m,Pump position (m),number,,
pump_position_unit_ft,Pump position (ft),number,,
pump_position_magnitude,Pump position (raw magnitude),number,,
pump_position_unit,Pump position (raw unit),enum,,
photo_of_well_log,Photo of well log,imagelist,,
pump_type,Pump type,enum,,
pump_configuration,Pump configuration,enum,,
pump_diameter_unit_m,Pump diameter (m),number,,
pump_diameter_unit_cm,Pump diameter (cm),number,,
pump_diameter_unit_mm,Pump diameter (mm),number,,
pump_diameter_unit_in,Pump diameter (in),number,,
pump_diameter_magnitude,Pump diameter (raw magnitude),number,,
pump_diameter_unit,Pump diameter (raw unit),enum,,
pump_power_rating_unit_w,Pump power rating (W),number,,
pump_power_rating_unit_kw,Pump power rating (kW),number,,
pump_power_rating_unit_hp,Pump power rating (hp),number,,
pump_power_rating_magnitude,Pump power rating (raw magnitude),number,,
pump_power_rating_unit,Pump power rating (raw unit),enum,,
pump_motor_configuration,Pump motor configuration,enum,,
pump_sleeve,Pump sleeve installed,boolean,,
pump_sleeve_manufacturer,Pump sleeve manufacturer,text,,
pump_sleeve_material,Pump sleeve material,enum,,
pump_sleeve_diameter_unit_mm,Pump sleeve nominal diameter (mm),number,,
pump_sleeve_diameter_unit_cm,Pump sleeve nominal diameter (cm),number,,
pump_sleeve_diameter_unit_in,Pump sleeve nominal diameter (in),number,,
pump_sleeve_diameter_magnitude,Pump sleeve nominal diameter (raw magnitude),number,,
pump_sleeve_diameter_unit,Pump sleeve nominal diameter (raw unit),enum,,
riser_pipe,Riser pipe fitting connection type,enum,,
riser_pipe_length_unit_m,Riser pipe length (m),number,,
riser_pipe_length_unit_ft,Riser pipe length (ft),number,,
riser_pipe_length_magnitude,Riser pipe length (raw magnitude),number,,
riser_pipe_length_unit,Riser pipe length (raw unit),enum,,
riser_pipe_diameter_unit_cm,Riser pipe diameter (cm),number,,
riser_pipe_diameter_unit_in,Riser pipe diameter (in),number,,
riser_pipe_diameter_unit_mm,Riser pipe diameter (mm),number,,
riser_pipe_diameter_magnitude,Riser pipe diameter (raw magnitude),number,,
riser_pipe_diameter_unit,Riser pipe diameter (raw unit),enum,,
riser_pipe_material,Riser pipe material,enum,,
pump_depth_unit_m,Pump depth (m),number,,
pump_depth_unit_ft,Pump depth (ft),number,,
pump_depth_magnitude,Pump depth (raw magnitude),number,,
pump_depth_unit,Pump depth (raw unit),enum,,
separate_dryrun_sensor,Separate dryrun sensor,enum,,
pump_motor_voltage_type,Pump motor voltage type,enum,,
pump_motor_voltage_unit_v,Pump motor voltage (V),number,,
pump_motor_voltage_unit_kv,Pump motor voltage (kV),number,,
pump_motor_voltage_magnitude,Pump motor voltage (raw magnitude),number,,
pump_motor_voltage_unit,Pump motor voltage (raw unit),enum,,
pump_motor_max_current_unit_a,Pump motor max current (A),number,,
pump_motor_max_current_magnitude,Pump motor max current (raw magnitude),number,,
pump_motor_max_current_unit,Pump motor max current (raw unit),enum,,
pump_motor_max_power_unit_w,Pump motor max power (W),number,,
pump_motor_max_power_unit_kw,Pump motor max power (kW),number,,
pump_motor_max_power_unit_hp,Pump motor max power (hp),number,,
pump_motor_max_power_magnitude,Pump motor max power (raw magnitude),number,,
pump_motor_max_power_unit,Pump motor max power (raw unit),enum,,
motor_serial_number,Motor serial number,text,,
design_flow_unit_m3_s,Design flow (m³/s),number,,
design_flow_unit_l_s,Design flow (L/s),number,,
design_flow_unit_gal_m,Design flow (gal/min (gpm)),number,,
design_flow_unit_m3_hr,Design flow (m³/hr),number,,
design_flow_unit_l_m,Design flow (L/min),number,,
design_flow_magnitude,Design flow (raw magnitude),number,,
design_flow_unit,Design flow (raw unit),enum,,
design_head_unit_pa,Design head (Pa),number,,
design_head_unit_kpa,Design head (kPa),number,,
design_head_unit_psi,Design head (psi),number,,
design_head_unit_ft_water,Design head (ft H₂O),number,,
design_head_unit_m_water,Design head (m H₂O),number,,
design_head_unit_in_water,Design head (in H₂O),number,,
design_head_unit_cm_water,Design head (cm H₂O),number,,
design_head_magnitude,Design head (raw magnitude),number,,
design_head_unit,Design head (raw unit),enum,,
pump_maximum_flow_unit_m3_s,Maximum flow (Q-max) (m³/s),number,,
pump_maximum_flow_unit_l_s,Maximum flow (Q-max) (L/s),number,,
pump_maximum_flow_unit_gal_m,Maximum flow (Q-max) (gal/min (gpm)),number,,
pump_maximum_flow_unit_m3_h,Maximum flow (Q-max) (m³/h),number,,
pump_maximum_flow_unit_l_m,Maximum flow (Q-max) (L/min),number,,
pump_maximum_flow_magnitude,Maximum flow (Q-max) (raw magnitude),number,,
pump_maximum_flow_unit,Maximum flow (Q-max) (raw unit),enum,,
pump_h_min_unit_pa,Head at maximum flow (H-min) (Pa),number,,
pump_h_min_unit_kpa,Head at maximum flow (H-min) (kPa),number,,
pump_h_min_unit_psi,Head at maximum flow (H-min) (psi),number,,
pump_h_min_unit_in_water,Head at maximum flow (H-min) (in H₂O),number,,
pump_h_min_unit_cm_water,Head at maximum flow (H-min) (cm H₂O),number,,
pump_h_min_unit_in_water,Head at maximum flow (H-min) (in H₂O),number,,
pump_h_min_unit_m_water,Head at maximum flow (H-min) (m H₂O),number,,
pump_h_min_magnitude,Head at maximum flow (H-min) (raw magnitude),number,,
pump_h_min_unit,Head at maximum flow (H-min) (raw unit),enum,,
pump_q_min_unit_m3_s,Minimum flow (Q-min) (m³/s),number,,
pump_q_min_unit_l_s,Minimum flow (Q-min) (L/s),number,,
pump_q_min_unit_gal_m,Minimum flow (Q-min) (gal/min (gpm)),number,,
pump_q_min_unit_m3_h,Minimum flow (Q-min) (m³/h),number,,
pump_q_min_unit_l_m,Minimum flow (Q-min) (L/min),number,,
pump_q_min_magnitude,Minimum flow (Q-min) (raw magnitude),number,,
pump_q_min_unit,Minimum flow (Q-min) (raw unit),enum,,
pump_h_max_unit_pa,Head at minimum flow (H-Max) (Pa),number,,
pump_h_max_unit_kpa,Head at minimum flow (H-Max) (kPa),number,,
pump_h_max_unit_psi,Head at minimum flow (H-Max) (psi),number,,
pump_h_max_unit_ft_water,Head at minimum flow (H-Max) (ft H₂O),number,,
pump_h_max_unit_in_water,Head at minimum flow (H-Max) (in H₂O),number,,
pump_h_max_unit_cm_water,Head at minimum flow (H-Max) (cm H₂O),number,,
pump_h_max_unit_m_water,Head at minimum flow (H-Max) (m H₂O),number,,
pump_h_max_magnitude,Head at minimum flow (H-Max) (raw magnitude),number,,
pump_h_max_unit,Head at minimum flow (H-Max) (raw unit),enum,,
pump_npsh_r_unit_pa,NPSH-R (Pa),number,,
pump_npsh_r_unit_kpa,NPSH-R (kPa),number,,
pump_npsh_r_unit_psi,NPSH-R (psi),number,,
pump_npsh_r_unit_ft_water,NPSH-R (ft H₂O),number,,
pump_npsh_r_unit_in_water,NPSH-R (in H₂O),number,,
pump_npsh_r_unit_cm_water,NPSH-R (cm H₂O),number,,
pump_npsh_r_unit_m_water,NPSH-R (m H₂O),number,,
pump_npsh_r_magnitude,NPSH-R (raw magnitude),number,,
pump_npsh_r_unit,NPSH-R (raw unit),enum,,
tank_type,Tank type,enum,,
ht_type_deau_stockee,Type of water stored,enum,,
ht_presence_bypass,Presence of a bypass,boolean,,
tank_material,Tank material,enum,,
tank_volume_unit_m3,Tank volume (m³),number,,
tank_volume_unit_l,Tank volume (L),number,,
tank_volume_unit_ft3,Tank volume (ft³),number,,
tank_volume_unit_gal,Tank volume (gal),number,,
tank_volume_unit_mil_m3,Tank volume (Mm³),number,,
tank_volume_unit_mgal,Tank volume (Mgal),number,,
tank_volume_unit_acreft,Tank volume (acre-ft),number,,
tank_volume_magnitude,Tank volume (raw magnitude),number,,
tank_volume_unit,Tank volume (raw unit),enum,,
tank_shape,Tank shape,enum,,
tank_location,Tank location,enum,,
cleanout_port,Cleanout port installed,boolean,,
float_switch,Float switch type,enum,,
tank_purpose,Tank purpose,enum,,
tank_diameter_unit_m,Tank diameter (m),number,,
tank_diameter_unit_ft,Tank diameter (ft),number,,
tank_diameter_unit_cm,Tank diameter (cm),number,,
tank_diameter_unit_in,Tank diameter (in),number,,
tank_diameter_magnitude,Tank diameter (raw magnitude),number,,
tank_diameter_unit,Tank diameter (raw unit),enum,,
tank_height_unit_m,Tank height (m),number,,
tank_height_unit_ft,Tank height (ft),number,,
tank_height_unit_cm,Tank height (cm),number,,
tank_height_unit_in,Tank height (in),number,,
tank_height_magnitude,Tank height (raw magnitude),number,,
tank_height_unit,Tank height (raw unit),enum,,
tank_length_unit_m,Tank length (m),number,,
tank_length_unit_ft,Tank length (ft),number,,
tank_length_unit_in,Tank length (in),number,,
tank_length_unit_cm,Tank length (cm),number,,
tank_length_magnitude,Tank length (raw magnitude),number,,
tank_length_unit,Tank length (raw unit),enum,,
tank_width_unit_m,Tank width (m),number,,
tank_width_unit_ft,Tank width (ft),number,,
tank_width_unit_cm,Tank width (cm),number,,
tank_width_unit_in,Tank width (in),number,,
tank_width_magnitude,Tank width (raw magnitude),number,,
tank_width_unit,Tank width (raw unit),enum,,
tank_bottom_height_unit_m,Height of tank bottom (m),number,,
tank_bottom_height_unit_ft,Height of tank bottom (ft),number,,
tank_bottom_height_unit_cm,Height of tank bottom (cm),number,,
tank_bottom_height_unit_in,Height of tank bottom (in),number,,
tank_bottom_height_magnitude,Height of tank bottom (raw magnitude),number,,
tank_bottom_height_unit,Height of tank bottom (raw unit),enum,,
tank_min_level_unit_m,Minimum water level (m),number,,
tank_min_level_unit_ft,Minimum water level (ft),number,,
tank_min_level_unit_cm,Minimum water level (cm),number,,
tank_min_level_unit_in,Minimum water level (in),number,,
tank_min_level_magnitude,Minimum water level (raw magnitude),number,,
tank_min_level_unit,Minimum water level (raw unit),enum,,
tank_max_level_unit_m,Maximum water level (m),number,,
tank_max_level_unit_ft,Maximum water level (ft),number,,
tank_max_level_unit_cm,Maximum water level (cm),number,,
tank_max_level_unit_in,Maximum water level (in),number,,
tank_max_level_magnitude,Maximum water level (raw magnitude),number,,
tank_max_level_unit,Maximum water level (raw unit),enum,,
filling_control_installed,Filling control installed,boolean,,
type_filling_control,Type of filling control,enum,,
fill_level_indicator_installed,Fill level indicator installed,boolean,,
rated_power_unit_w,Rated power (W),number,,
rated_power_unit_kw,Rated power (kW),number,,
rated_power_unit_hp,Rated power (hp),number,,
rated_power_magnitude,Rated power (raw magnitude),number,,
rated_power_unit,Rated power (raw unit),enum,,
max_power_unit_w,Maximum power (W),number,,
max_power_unit_kw,Maximum power (kW),number,,
max_power_unit_hp,Maximum power (hp),number,,
max_power_magnitude,Maximum power (raw magnitude),number,,
max_power_unit,Maximum power (raw unit),enum,,
nominal_voltage_unit_v,Nominal voltage (V),number,,
nominal_voltage_unit_kv,Nominal voltage (kV),number,,
nominal_voltage_magnitude,Nominal voltage (raw magnitude),number,,
nominal_voltage_unit,Nominal voltage (raw unit),enum,,
rated_voltage_unit_v,Rated voltage (V),number,,
rated_voltage_unit_kv,Rated voltage (kV),number,,
rated_voltage_magnitude,Rated voltage (raw magnitude),number,,
rated_voltage_unit,Rated voltage (raw unit),enum,,
max_current_unit_a,Maximum current (A),number,,
max_current_magnitude,Maximum current (raw magnitude),number,,
max_current_unit,Maximum current (raw unit),enum,,
type_of_current,Type of current,enum,,
frequency_of_current,Frequency of current,enum,,
power_type,Power type,enum,,
power_use,Power use,enum,,
number_batteries,Number of batteries,number,,
battery_amp_hours_unit_ah,Battery amp hours (Ah),number,,
battery_amp_hours_magnitude,Battery amp hours (raw magnitude),number,,
battery_amp_hours_unit,Battery amp hours (raw unit),enum,,
number_parallel_strings_battery,Number of parallel strings (Battery),number,,
battery_type,Battery type,enum,,
pv_panel_type,PV panel type,enum,,
number_pv_panels,Total number of PV panels,number,,
number_in_series,Number of panels in series,number,,
number_parallel_strings_solar,Number of parallel strings (Solar),number,,
panel_rated_power_unit_w,Panel rated power (W),number,,
panel_rated_power_unit_kw,Panel rated power (kW),number,,
panel_rated_power_magnitude,Panel rated power (raw magnitude),number,,
panel_rated_power_unit,Panel rated power (raw unit),enum,,
panel_oc_voltage_unit_v,Panel open circuit voltage (V),number,,
panel_oc_voltage_magnitude,Panel open circuit voltage (raw magnitude),number,,
panel_oc_voltage_unit,Panel open circuit voltage (raw unit),enum,,
panel_series_fuse_rating_unit_a,Panel series fuse rating (A),number,,
panel_series_fuse_rating_magnitude,Panel series fuse rating (raw magnitude),number,,
panel_series_fuse_rating_unit,Panel series fuse rating (raw unit),enum,,
panel_short_circuit_current_unit_a,Panel short circuit current (A),number,,
panel_short_circuit_current_magnitude,Panel short circuit current (raw magnitude),number,,
panel_short_circuit_current_unit,Panel short circuit current (raw unit),enum,,
panel_voltage_max_unit_v,Panel voltage at maximum power (V),number,,
panel_voltage_max_magnitude,Panel voltage at maximum power (raw magnitude),number,,
panel_voltage_max_unit,Panel voltage at maximum power (raw unit),enum,,
total_array_rated_power_unit_w,Total array rated power (W),number,,
total_array_rated_power_unit_kw,Total array rated power (kW),number,,
total_array_rated_power_magnitude,Total array rated power (raw magnitude),number,,
total_array_rated_power_unit,Total array rated power (raw unit),enum,,
generator_fuel,Generator fuel,enum,,
generator_apparent_power_unit_w,Generator apparent power (W),number,,
generator_apparent_power_unit_kw,Generator apparent power (kW),number,,
generator_apparent_power_unit_kva,Generator apparent power (kVA),number,,
generator_apparent_power_magnitude,Generator apparent power (raw magnitude),number,,
generator_apparent_power_unit,Generator apparent power (raw unit),enum,,
engine_cooling_system,Engine cooling system,enum,,
treatment_type,Treatment type,enum,,
pre_treatment,Pre-treatment type,enum,,
filtration_type,Filtration type,enum,,
wm_treatment_type,WM Treatment type,enum,,
chlorine_type,Chlorine type,enum,,
dosing_method,Dosing method,enum,,
meter_id,Meter ID,text,,
meter_type,Meter type,enum,,
meter_design,Meter design,enum,,
meter_min_flow_rate_unit_m3_s,Minimum measurable flow rate (m³/s),number,,
meter_min_flow_rate_unit_m3_d,Minimum measurable flow rate (m³/d),number,,
meter_min_flow_rate_unit_l_s,Minimum measurable flow rate (L/s),number,,
meter_min_flow_rate_unit_l_d,Minimum measurable flow rate (L/d),number,,
meter_min_flow_rate_unit_gal_m,Minimum measurable flow rate (gal/min (gpm)),number,,
meter_min_flow_rate_unit_gal_d,Minimum measurable flow rate (gal/d),number,,
meter_min_flow_rate_unit_m3_h,Minimum measurable flow rate (m³/h),number,,
meter_min_flow_rate_unit_l_m,Minimum measurable flow rate (L/min),number,,
meter_min_flow_rate_magnitude,Minimum measurable flow rate (raw magnitude),number,,
meter_min_flow_rate_unit,Minimum measurable flow rate (raw unit),enum,,
meter_measurement_type,Meter measurement type,enum,,
flow_meter_display_units,Flow meter display units,enum,,
volumetric_meter_display_units,Volumetric meter display units,enum,,
pre_paid,Pre-paid?,boolean,,
electrical_type,Electrical type,enum,,
electrical_power_device_type,Electrical power device type,enum,,
protection_control_type,Protection and control device type,enum,,
valve_type,Valve type,enum,,
date_last_actuation,Date of last actuation,date,,
hydrant_type,Hydrant type,enum,,
junction_type,Junction type,enum,,
sampling_point_type,Sampling point type,enum,,
sensor_type,Sensor type,enum,,
analyzer_type,Analyzer type,text,,
structure_type,Structure type,enum,,
perimeter_type,Perimeter type,enum,,
perimeter_total_length_unit_m,Perimeter total length (m),number,,
perimeter_total_length_unit_ft,Perimeter total length (ft),number,,
perimeter_total_length_unit_km,Perimeter total length (km),number,,
perimeter_total_length_unit_yd,Perimeter total length (yd),number,,
perimeter_total_length_unit_mi,Perimeter total length (mi),number,,
perimeter_total_length_magnitude,Perimeter total length (raw magnitude),number,,
perimeter_total_length_unit,Perimeter total length (raw unit),enum,,
perimeter_height_unit_m,Perimeter height (m),number,,
perimeter_height_unit_km,Perimeter height (km),number,,
perimeter_height_unit_ft,Perimeter height (ft),number,,
perimeter_height_unit_yd,Perimeter height (yd),number,,
perimeter_height_unit_mi,Perimeter height (mi),number,,
perimeter_height_magnitude,Perimeter height (raw magnitude),number,,
perimeter_height_unit,Perimeter height (raw unit),enum,,
perimeter_setback_distance_unit_m,Perimeter setback distance (m),number,,
perimeter_setback_distance_unit_km,Perimeter setback distance (km),number,,
perimeter_setback_distance_unit_ft,Perimeter setback distance (ft),number,,
perimeter_setback_distance_unit_yd,Perimeter setback distance (yd),number,,
perimeter_setback_distance_unit_mi,Perimeter setback distance (mi),number,,
perimeter_setback_distance_magnitude,Perimeter setback distance (raw magnitude),number,,
perimeter_setback_distance_unit,Perimeter setback distance (raw unit),enum,,
ht_type_perimetre,Type of perimeter,enum,,
perimeter_material,Perimeter Material,enum,,
ht_protection_type,Protection type,enum,,
ht_protection_length_unit_m,Protection length (m),number,,
ht_protection_length_unit_cm,Protection length (cm),number,,
ht_protection_length_unit_ft,Protection length (ft),number,,
ht_protection_length_unit_in,Protection length (in),number,,
ht_protection_length_magnitude,Protection length (raw magnitude),number,,
ht_protection_length_unit,Protection length (raw unit),enum,,
ht_protection_width_unit_m,Protection width (m),number,,
ht_protection_width_unit_cm,Protection width (cm),number,,
ht_protection_width_unit_ft,Protection width (ft),number,,
ht_protection_width_unit_in,Protection width (in),number,,
ht_protection_width_magnitude,Protection width (raw magnitude),number,,
ht_protection_width_unit,Protection width (raw unit),enum,,
ht_protection_depth_unit_m,Protection depth (m),number,,
ht_protection_depth_unit_cm,Protection depth (cm),number,,
ht_protection_depth_unit_ft,Protection depth (ft),number,,
ht_protection_depth_unit_in,Protection depth (in),number,,
ht_protection_depth_magnitude,Protection depth (raw magnitude),number,,
ht_protection_depth_unit,Protection depth (raw unit),enum,,
ht_cover_type,Type of cover,enum,,
ht_protection_diameter_unit_cm,Protection diameter (cm),number,,
ht_protection_diameter_unit_m,Protection diameter (m),number,,
ht_protection_diameter_unit_in,Protection diameter (in),number,,
ht_protection_diameter_unit_ft,Protection diameter (ft),number,,
ht_protection_diameter_magnitude,Protection diameter (raw magnitude),number,,
ht_protection_diameter_unit,Protection diameter (raw unit),enum,,
ht_protection_material,Protection material,enum,,
water_point_type,Water point type,enum,,
agricultural_use,Agricultural use,boolean,,
livestock_use,Livestock use,boolean,,
meter_installed,Meter installed,boolean,,
number_of_taps,Number of taps,number,,
kiosk_tank_installed,Kiosk tank installed,boolean,,
other_vertical_type,Other vertical asset type,text,,
pipe_type,Pipe type,enum,,
pipe_color,Pipe color,text,,
nominal_pressure_unit_pa,Nominal pressure (Pa),number,,
nominal_pressure_unit_kpa,Nominal pressure (kPa),number,,
nominal_pressure_unit_psi,Nominal pressure (psi),number,,
nominal_pressure_unit_ft_water,Nominal pressure (ft H₂O),number,,
nominal_pressure_unit_in_water,Nominal pressure (in H₂O),number,,
nominal_pressure_unit_cm_water,Nominal pressure (cm H₂O),number,,
nominal_pressure_unit_m_water,Nominal pressure (m H₂O),number,,
nominal_pressure_unit_bar,Nominal pressure (bar),number,,
nominal_pressure_magnitude,Nominal pressure (raw magnitude),number,,
nominal_pressure_unit,Nominal pressure (raw unit),enum,,
pipe_depth_below_ground_unit_m,Pipe depth below ground (m),number,,
pipe_depth_below_ground_unit_cm,Pipe depth below ground (cm),number,,
pipe_depth_below_ground_unit_in,Pipe depth below ground (in),number,,
pipe_depth_below_ground_unit_ft,Pipe depth below ground (ft),number,,
pipe_depth_below_ground_magnitude,Pipe depth below ground (raw magnitude),number,,
pipe_depth_below_ground_unit,Pipe depth below ground (raw unit),enum,,
ht_service_en_route,Service en route,boolean,,
connection_type,Connection type,enum,,
connection_diameter_unit_m,Connection diameter (m),number,,
connection_diameter_unit_cm,Connection diameter (cm),number,,
connection_diameter_unit_mm,Connection diameter (mm),number,,
connection_diameter_unit_in,Connection diameter (in),number,,
connection_diameter_magnitude,Connection diameter (raw magnitude),number,,
connection_diameter_unit,Connection diameter (raw unit),enum,,
customer_id,Customer ID,text,,
connection_status,Connection Status,enum,,
conn_meter_number,Water meter number,text,,
connection_seal,Seal,text,,
water_system,Water System,id,,entities.water_system
parent,Parent,id,,entities.water_asset
water_point,Water Point,id,,entities.water_point
tank_base_type,Tank base type,enum,,
tank_base_material,Tank base material,enum,,
tank_base_height_unit_m,Tank base height (m),number,,
tank_base_height_unit_cm,Tank base height (cm),number,,
tank_base_height_unit_ft,Tank base height (ft),number,,
tank_base_height_unit_in,Tank base height (in),number,,
tank_base_height_magnitude,Tank base height (raw magnitude),number,,
tank_base_height_unit,Tank base height (raw unit),enum,,
_managed_by,Managed By,id,,subjects
_created_by,Added by user,id,,users
_created_on,Date added,datetime,,
_modified_by,Last modified by user,id,,users
_modified_on,Date last modified,datetime,,
_private,Site Private,boolean,,
_merged_entities,Previous mWater IDs,text[],,
_pending_approvals,Pending Approvals,boolean,,
!datasets,Datasets,join,,datasets
!entities.water_point.water_asset,Water points,join,,entities.water_point
!entities.water_asset.upstream_asset,Water assets,join,,entities.water_asset
!entities.water_asset.downstream_asset,Water assets,join,,entities.water_asset
!entities.water_asset.parent,Water assets,join,,entities.water_asset
